{
    "confusion_matrices": [
        [
            298,
            2
        ],
        [
            99,
            1
        ]
    ],
    "classes": [
        "ID",
        "non-ID"
    ],
    "f1_micro": 0.7475,
    "f1_macro": 0.4372553662715382,
    "f1_weighted": 0.6461743115432296,
    "report": {
        "ID": {
            "precision": 0.7506297229219143,
            "recall": 0.9933333333333333,
            "f1-score": 0.8550932568149211,
            "support": 300.0
        },
        "non-ID": {
            "precision": 0.3333333333333333,
            "recall": 0.01,
            "f1-score": 0.019417475728155338,
            "support": 100.0
        },
        "accuracy": 0.7475,
        "macro avg": {
            "precision": 0.5419815281276238,
            "recall": 0.5016666666666666,
            "f1-score": 0.4372553662715382,
            "support": 400.0
        },
        "weighted avg": {
            "precision": 0.646305625524769,
            "recall": 0.7475,
            "f1-score": 0.6461743115432296,
            "support": 400.0
        }
    }
}