{
    "confusion_matrices": [
        [
            292,
            8
        ],
        [
            15,
            85
        ]
    ],
    "classes": [
        "ID",
        "non-ID"
    ],
    "f1_micro": 0.9425,
    "f1_macro": 0.9214688735051344,
    "f1_weighted": 0.9417888024856809,
    "report": {
        "ID": {
            "precision": 0.9511400651465798,
            "recall": 0.9733333333333334,
            "f1-score": 0.9621087314662273,
            "support": 300.0
        },
        "non-ID": {
            "precision": 0.9139784946236559,
            "recall": 0.85,
            "f1-score": 0.8808290155440415,
            "support": 100.0
        },
        "accuracy": 0.9425,
        "macro avg": {
            "precision": 0.9325592798851179,
            "recall": 0.9116666666666666,
            "f1-score": 0.9214688735051344,
            "support": 400.0
        },
        "weighted avg": {
            "precision": 0.9418496725158488,
            "recall": 0.9425,
            "f1-score": 0.9417888024856809,
            "support": 400.0
        }
    }
}