{
    "Quantity": {
        "confusion_matrices": [
            [
                371,
                11
            ],
            [
                8,
                7
            ]
        ],
        "classes": [
            "ID",
            "non-ID"
        ],
        "f1_micro": 0.9521410579345088,
        "f1_macro": 0.6996376378767969,
        "f1_weighted": 0.9542221300778416,
        "report": {
            "ID": {
                "precision": 0.978891820580475,
                "recall": 0.9712041884816754,
                "f1-score": 0.9750328515111695,
                "support": 382.0
            },
            "non-ID": {
                "precision": 0.3888888888888889,
                "recall": 0.4666666666666667,
                "f1-score": 0.42424242424242425,
                "support": 15.0
            },
            "accuracy": 0.9521410579345088,
            "macro avg": {
                "precision": 0.683890354734682,
                "recall": 0.7189354275741711,
                "f1-score": 0.6996376378767969,
                "support": 397.0
            },
            "weighted avg": {
                "precision": 0.9565995183755032,
                "recall": 0.9521410579345088,
                "f1-score": 0.9542221300778416,
                "support": 397.0
            }
        }
    },
    "Unit": {
        "confusion_matrices": [
            [
                370,
                13
            ],
            [
                7,
                7
            ]
        ],
        "classes": [
            "ID",
            "non-ID"
        ],
        "f1_micro": 0.9496221662468514,
        "f1_macro": 0.6927244582043344,
        "f1_weighted": 0.9538684093549922,
        "report": {
            "ID": {
                "precision": 0.9814323607427056,
                "recall": 0.9660574412532638,
                "f1-score": 0.9736842105263158,
                "support": 383.0
            },
            "non-ID": {
                "precision": 0.35,
                "recall": 0.5,
                "f1-score": 0.4117647058823529,
                "support": 14.0
            },
            "accuracy": 0.9496221662468514,
            "macro avg": {
                "precision": 0.6657161803713527,
                "recall": 0.7330287206266319,
                "f1-score": 0.6927244582043344,
                "support": 397.0
            },
            "weighted avg": {
                "precision": 0.9591652245956075,
                "recall": 0.9496221662468514,
                "f1-score": 0.9538684093549922,
                "support": 397.0
            }
        }
    },
    "PrototypeData": {
        "confusion_matrices": [
            [
                148,
                5
            ],
            [
                69,
                174
            ]
        ],
        "classes": [
            "ID",
            "non-ID"
        ],
        "f1_micro": 0.8131313131313131,
        "f1_macro": 0.8123222748815166,
        "f1_weighted": 0.815122791900043,
        "report": {
            "ID": {
                "precision": 0.6820276497695853,
                "recall": 0.9673202614379085,
                "f1-score": 0.8,
                "support": 153.0
            },
            "non-ID": {
                "precision": 0.9720670391061452,
                "recall": 0.7160493827160493,
                "f1-score": 0.8246445497630331,
                "support": 243.0
            },
            "accuracy": 0.8131313131313131,
            "macro avg": {
                "precision": 0.8270473444378652,
                "recall": 0.8416848220769789,
                "f1-score": 0.8123222748815166,
                "support": 396.0
            },
            "weighted avg": {
                "precision": 0.8600063659533834,
                "recall": 0.8131313131313131,
                "f1-score": 0.815122791900043,
                "support": 396.0
            }
        }
    }
}