{
    "confusion_matrices": [
        [
            300,
            0
        ],
        [
            100,
            0
        ]
    ],
    "classes": [
        "ID",
        "non-ID"
    ],
    "f1_micro": 0.75,
    "f1_macro": 0.42857142857142855,
    "f1_weighted": 0.6428571428571428,
    "report": {
        "ID": {
            "precision": 0.75,
            "recall": 1.0,
            "f1-score": 0.8571428571428571,
            "support": 300.0
        },
        "non-ID": {
            "precision": 0.0,
            "recall": 0.0,
            "f1-score": 0.0,
            "support": 100.0
        },
        "accuracy": 0.75,
        "macro avg": {
            "precision": 0.375,
            "recall": 0.5,
            "f1-score": 0.42857142857142855,
            "support": 400.0
        },
        "weighted avg": {
            "precision": 0.5625,
            "recall": 0.75,
            "f1-score": 0.6428571428571428,
            "support": 400.0
        }
    }
}