{
    "Quantity": {
        "confusion_matrices": [
            [
                376,
                6
            ],
            [
                7,
                7
            ]
        ],
        "classes": [
            "ID",
            "non-ID"
        ],
        "f1_micro": 0.9671717171717171,
        "f1_macro": 0.7507625272331154,
        "f1_weighted": 0.9665852424022358,
        "report": {
            "ID": {
                "precision": 0.9817232375979112,
                "recall": 0.9842931937172775,
                "f1-score": 0.9830065359477124,
                "support": 382.0
            },
            "non-ID": {
                "precision": 0.5384615384615384,
                "recall": 0.5,
                "f1-score": 0.5185185185185185,
                "support": 14.0
            },
            "accuracy": 0.9671717171717171,
            "macro avg": {
                "precision": 0.7600923880297248,
                "recall": 0.7421465968586387,
                "f1-score": 0.7507625272331154,
                "support": 396.0
            },
            "weighted avg": {
                "precision": 0.9660523694466253,
                "recall": 0.9671717171717171,
                "f1-score": 0.9665852424022358,
                "support": 396.0
            }
        }
    },
    "Unit": {
        "confusion_matrices": [
            [
                375,
                7
            ],
            [
                6,
                8
            ]
        ],
        "classes": [
            "ID",
            "non-ID"
        ],
        "f1_micro": 0.9671717171717171,
        "f1_macro": 0.7673430650336692,
        "f1_weighted": 0.9677162094118753,
        "report": {
            "ID": {
                "precision": 0.984251968503937,
                "recall": 0.981675392670157,
                "f1-score": 0.9829619921363041,
                "support": 382.0
            },
            "non-ID": {
                "precision": 0.5333333333333333,
                "recall": 0.5714285714285714,
                "f1-score": 0.5517241379310345,
                "support": 14.0
            },
            "accuracy": 0.9671717171717171,
            "macro avg": {
                "precision": 0.7587926509186351,
                "recall": 0.7765519820493643,
                "f1-score": 0.7673430650336692,
                "support": 396.0
            },
            "weighted avg": {
                "precision": 0.9683104005938651,
                "recall": 0.9671717171717171,
                "f1-score": 0.9677162094118753,
                "support": 396.0
            }
        }
    },
    "PrototypeData": {
        "confusion_matrices": [
            [
                147,
                6
            ],
            [
                65,
                178
            ]
        ],
        "classes": [
            "ID",
            "non-ID"
        ],
        "f1_micro": 0.8207070707070707,
        "f1_macro": 0.8196015527252896,
        "f1_weighted": 0.822811121059493,
        "report": {
            "ID": {
                "precision": 0.6933962264150944,
                "recall": 0.9607843137254902,
                "f1-score": 0.8054794520547945,
                "support": 153.0
            },
            "non-ID": {
                "precision": 0.967391304347826,
                "recall": 0.7325102880658436,
                "f1-score": 0.8337236533957846,
                "support": 243.0
            },
            "accuracy": 0.8207070707070707,
            "macro avg": {
                "precision": 0.8303937653814601,
                "recall": 0.846647300895667,
                "f1-score": 0.8196015527252896,
                "support": 396.0
            },
            "weighted avg": {
                "precision": 0.8615295696919979,
                "recall": 0.8207070707070707,
                "f1-score": 0.822811121059493,
                "support": 396.0
            }
        }
    }
}