{
    "Quantity": {
        "confusion_matrices": [
            [
                382,
                0
            ],
            [
                14,
                0
            ]
        ],
        "classes": [
            "ID",
            "non-ID"
        ],
        "f1_micro": 0.9646464646464646,
        "f1_macro": 0.4910025706940874,
        "f1_weighted": 0.9472877879047545,
        "report": {
            "ID": {
                "precision": 0.9646464646464646,
                "recall": 1.0,
                "f1-score": 0.9820051413881749,
                "support": 382.0
            },
            "non-ID": {
                "precision": 0.0,
                "recall": 0.0,
                "f1-score": 0.0,
                "support": 14.0
            },
            "accuracy": 0.9646464646464646,
            "macro avg": {
                "precision": 0.4823232323232323,
                "recall": 0.5,
                "f1-score": 0.4910025706940874,
                "support": 396.0
            },
            "weighted avg": {
                "precision": 0.9305428017549229,
                "recall": 0.9646464646464646,
                "f1-score": 0.9472877879047545,
                "support": 396.0
            }
        }
    },
    "Unit": {
        "confusion_matrices": [
            [
                382,
                0
            ],
            [
                14,
                0
            ]
        ],
        "classes": [
            "ID",
            "non-ID"
        ],
        "f1_micro": 0.9646464646464646,
        "f1_macro": 0.4910025706940874,
        "f1_weighted": 0.9472877879047545,
        "report": {
            "ID": {
                "precision": 0.9646464646464646,
                "recall": 1.0,
                "f1-score": 0.9820051413881749,
                "support": 382.0
            },
            "non-ID": {
                "precision": 0.0,
                "recall": 0.0,
                "f1-score": 0.0,
                "support": 14.0
            },
            "accuracy": 0.9646464646464646,
            "macro avg": {
                "precision": 0.4823232323232323,
                "recall": 0.5,
                "f1-score": 0.4910025706940874,
                "support": 396.0
            },
            "weighted avg": {
                "precision": 0.9305428017549229,
                "recall": 0.9646464646464646,
                "f1-score": 0.9472877879047545,
                "support": 396.0
            }
        }
    },
    "PrototypeData": {
        "confusion_matrices": [
            [
                153,
                0
            ],
            [
                243,
                0
            ]
        ],
        "classes": [
            "ID",
            "non-ID"
        ],
        "f1_micro": 0.38636363636363635,
        "f1_macro": 0.2786885245901639,
        "f1_weighted": 0.21535022354694483,
        "report": {
            "ID": {
                "precision": 0.38636363636363635,
                "recall": 1.0,
                "f1-score": 0.5573770491803278,
                "support": 153.0
            },
            "non-ID": {
                "precision": 0.0,
                "recall": 0.0,
                "f1-score": 0.0,
                "support": 243.0
            },
            "accuracy": 0.38636363636363635,
            "macro avg": {
                "precision": 0.19318181818181818,
                "recall": 0.5,
                "f1-score": 0.2786885245901639,
                "support": 396.0
            },
            "weighted avg": {
                "precision": 0.14927685950413222,
                "recall": 0.38636363636363635,
                "f1-score": 0.21535022354694483,
                "support": 396.0
            }
        }
    }
}