{
    "Quantity": {
        "confusion_matrices": [
            [
                376,
                6
            ],
            [
                8,
                7
            ]
        ],
        "classes": [
            "ID",
            "non-ID"
        ],
        "f1_micro": 0.964735516372796,
        "f1_macro": 0.7408616187989556,
        "f1_weighted": 0.9635221077138592,
        "report": {
            "ID": {
                "precision": 0.9791666666666666,
                "recall": 0.9842931937172775,
                "f1-score": 0.9817232375979112,
                "support": 382.0
            },
            "non-ID": {
                "precision": 0.5384615384615384,
                "recall": 0.4666666666666667,
                "f1-score": 0.5,
                "support": 15.0
            },
            "accuracy": 0.964735516372796,
            "macro avg": {
                "precision": 0.7588141025641025,
                "recall": 0.7254799301919721,
                "f1-score": 0.7408616187989556,
                "support": 397.0
            },
            "weighted avg": {
                "precision": 0.9625153394045081,
                "recall": 0.964735516372796,
                "f1-score": 0.9635221077138592,
                "support": 397.0
            }
        }
    },
    "Unit": {
        "confusion_matrices": [
            [
                376,
                7
            ],
            [
                6,
                8
            ]
        ],
        "classes": [
            "ID",
            "non-ID"
        ],
        "f1_micro": 0.9672544080604534,
        "f1_macro": 0.7673653369393734,
        "f1_weighted": 0.9677975848841519,
        "report": {
            "ID": {
                "precision": 0.9842931937172775,
                "recall": 0.9817232375979112,
                "f1-score": 0.9830065359477124,
                "support": 383.0
            },
            "non-ID": {
                "precision": 0.5333333333333333,
                "recall": 0.5714285714285714,
                "f1-score": 0.5517241379310345,
                "support": 14.0
            },
            "accuracy": 0.9672544080604534,
            "macro avg": {
                "precision": 0.7588132635253054,
                "recall": 0.7765759045132413,
                "f1-score": 0.7673653369393734,
                "support": 397.0
            },
            "weighted avg": {
                "precision": 0.9683903271042417,
                "recall": 0.9672544080604534,
                "f1-score": 0.9677975848841519,
                "support": 397.0
            }
        }
    },
    "PrototypeData": {
        "confusion_matrices": [
            [
                147,
                6
            ],
            [
                65,
                178
            ]
        ],
        "classes": [
            "ID",
            "non-ID"
        ],
        "f1_micro": 0.8207070707070707,
        "f1_macro": 0.8196015527252896,
        "f1_weighted": 0.822811121059493,
        "report": {
            "ID": {
                "precision": 0.6933962264150944,
                "recall": 0.9607843137254902,
                "f1-score": 0.8054794520547945,
                "support": 153.0
            },
            "non-ID": {
                "precision": 0.967391304347826,
                "recall": 0.7325102880658436,
                "f1-score": 0.8337236533957846,
                "support": 243.0
            },
            "accuracy": 0.8207070707070707,
            "macro avg": {
                "precision": 0.8303937653814601,
                "recall": 0.846647300895667,
                "f1-score": 0.8196015527252896,
                "support": 396.0
            },
            "weighted avg": {
                "precision": 0.8615295696919979,
                "recall": 0.8207070707070707,
                "f1-score": 0.822811121059493,
                "support": 396.0
            }
        }
    }
}